country,avg_impression_loss_pct
GB,0.34595900394467266
BR,0.3433641187481629
CA,0.3423071775884374
US,0.33433371924302113
IN,0.32430118928851126
